INSERT INTO `dietplanner`.`user_roles` (`id`, `role`, `description`) VALUES ('1', 'ROLE_USER', 'default role for user');
INSERT INTO `dietplanner`.`users` (`id`, `password`, `username`, `calories_needed`) VALUES ('1', '{bcrypt}$2a$10$Yy4CFOg8s5PnvxlyWAFoz.GTQ4PmGkD4E69dvbp2qbQCVriStv/I6', 'schodziak', '2500');
INSERT INTO `dietplanner`.`users` (`id`, `password`, `username`, `calories_needed`) VALUES ('2', '{bcrypt}$2a$10$iD9Xbn.pCZ/EuKFPXCiZieSSl1lAGdqEYCktsYXxCaKomU4E1UcGO', 'test', '2500');
INSERT INTO `dietplanner`.`users_roles` (`user_id`, `roles_id`) VALUES ('1', '1');
INSERT INTO `dietplanner`.`users_roles` (`user_id`, `roles_id`) VALUES ('2', '1');
INSERT INTO `dietplanner`.`planned_days` (`id`, `meals_date`, `day_meals_id`, `user_id`) VALUES ('1', '2019-07-06', '1', '1');
INSERT INTO `dietplanner`.`planned_days` (`id`, `meals_date`, `day_meals_id`, `user_id`) VALUES ('2', '2019-07-07', '10', '1');
INSERT INTO `dietplanner`.`planned_days` (`id`, `meals_date`, `day_meals_id`, `user_id`) VALUES ('3', '2019-07-08', '2', '1');
INSERT INTO `dietplanner`.`planned_days` (`id`, `meals_date`, `day_meals_id`, `user_id`) VALUES ('4', '2019-07-09', '5', '1');
INSERT INTO `dietplanner`.`planned_days` (`id`, `meals_date`, `day_meals_id`, `user_id`) VALUES ('5', '2019-07-10', '6', '1');
INSERT INTO `dietplanner`.`planned_days` (`id`, `meals_date`, `day_meals_id`, `user_id`) VALUES ('6', '2019-07-11', '7', '1');
INSERT INTO `dietplanner`.`planned_days` (`id`, `meals_date`, `day_meals_id`, `user_id`) VALUES ('7', '2019-07-12', '8', '1');
INSERT INTO `dietplanner`.`planned_days` (`id`, `meals_date`, `day_meals_id`, `user_id`) VALUES ('8', '2019-07-13', '9', '1');
INSERT INTO `dietplanner`.`planned_days` (`id`, `meals_date`, `day_meals_id`, `user_id`) VALUES ('19', '2019-07-14', '10', '1');
INSERT INTO `dietplanner`.`planned_days` (`id`, `meals_date`, `day_meals_id`, `user_id`) VALUES ('20', '2019-07-15', '11', '1');
INSERT INTO `dietplanner`.`planned_days` (`id`, `meals_date`, `day_meals_id`, `user_id`) VALUES ('9', '2019-07-06', '1', '2');
INSERT INTO `dietplanner`.`planned_days` (`id`, `meals_date`, `day_meals_id`, `user_id`) VALUES ('10', '2019-07-07', '10', '2');
INSERT INTO `dietplanner`.`planned_days` (`id`, `meals_date`, `day_meals_id`, `user_id`) VALUES ('11', '2019-07-08', '2', '2');
INSERT INTO `dietplanner`.`planned_days` (`id`, `meals_date`, `day_meals_id`, `user_id`) VALUES ('12', '2019-07-09', '5', '2');
INSERT INTO `dietplanner`.`planned_days` (`id`, `meals_date`, `day_meals_id`, `user_id`) VALUES ('13', '2019-07-10', '6', '2');
INSERT INTO `dietplanner`.`planned_days` (`id`, `meals_date`, `day_meals_id`, `user_id`) VALUES ('14', '2019-07-11', '7', '2');
INSERT INTO `dietplanner`.`planned_days` (`id`, `meals_date`, `day_meals_id`, `user_id`) VALUES ('15', '2019-07-12', '8', '2');
INSERT INTO `dietplanner`.`planned_days` (`id`, `meals_date`, `day_meals_id`, `user_id`) VALUES ('16', '2019-07-13', '9', '2');
INSERT INTO `dietplanner`.`planned_days` (`id`, `meals_date`, `day_meals_id`, `user_id`) VALUES ('17', '2019-07-14', '10', '2');
INSERT INTO `dietplanner`.`planned_days` (`id`, `meals_date`, `day_meals_id`, `user_id`) VALUES ('18', '2019-07-15', '11', '2');
INSERT INTO `dietplanner`.`user_weight_over_time` (`user_id`, `weight_over_time`, `measurement_date`) VALUES ('1', '85', '2019-06-01');
INSERT INTO `dietplanner`.`user_weight_over_time` (`user_id`, `weight_over_time`, `measurement_date`) VALUES ('1', '84.5', '2019-06-03');
INSERT INTO `dietplanner`.`user_weight_over_time` (`user_id`, `weight_over_time`, `measurement_date`) VALUES ('1', '83', '2019-06-06');
INSERT INTO `dietplanner`.`user_weight_over_time` (`user_id`, `weight_over_time`, `measurement_date`) VALUES ('1', '82', '2019-06-10');
INSERT INTO `dietplanner`.`user_weight_over_time` (`user_id`, `weight_over_time`, `measurement_date`) VALUES ('1', '82.5', '2019-06-15');
INSERT INTO `dietplanner`.`user_weight_over_time` (`user_id`, `weight_over_time`, `measurement_date`) VALUES ('1', '82', '2019-06-20');
INSERT INTO `dietplanner`.`user_weight_over_time` (`user_id`, `weight_over_time`, `measurement_date`) VALUES ('2', '85', '2019-06-01');
INSERT INTO `dietplanner`.`user_weight_over_time` (`user_id`, `weight_over_time`, `measurement_date`) VALUES ('2', '84.5', '2019-06-03');
INSERT INTO `dietplanner`.`user_weight_over_time` (`user_id`, `weight_over_time`, `measurement_date`) VALUES ('2', '83', '2019-06-06');
INSERT INTO `dietplanner`.`user_weight_over_time` (`user_id`, `weight_over_time`, `measurement_date`) VALUES ('2', '82', '2019-06-10');
INSERT INTO `dietplanner`.`user_weight_over_time` (`user_id`, `weight_over_time`, `measurement_date`) VALUES ('2', '82.5', '2019-06-15');
INSERT INTO `dietplanner`.`user_weight_over_time` (`user_id`, `weight_over_time`, `measurement_date`) VALUES ('2', '82', '2019-06-20');
