INSERT INTO `dietplanner`.`user_roles` (`id`, `role`, `description`) VALUES ('1', 'ROLE_USER', 'default role for user');
INSERT INTO `dietplanner`.`users` (`id`, `password`, `username`) VALUES ('1', '{bcrypt}$2a$10$Yy4CFOg8s5PnvxlyWAFoz.GTQ4PmGkD4E69dvbp2qbQCVriStv/I6', 'schodziak');
INSERT INTO `dietplanner`.`users` (`id`, `password`, `username`) VALUES ('2', '{bcrypt}$2a$10$iD9Xbn.pCZ/EuKFPXCiZieSSl1lAGdqEYCktsYXxCaKomU4E1UcGO', 'test');
INSERT INTO `dietplanner`.`users_roles` (`user_id`, `roles_id`) VALUES ('1', '1');
INSERT INTO `dietplanner`.`users_roles` (`user_id`, `roles_id`) VALUES ('2', '1');
INSERT INTO `dietplanner`.`planned_days` (`id`, `meals_date`, `day_meals_id`, `user_id`) VALUES ('1', '2019-07-01', '1', '1');
INSERT INTO `dietplanner`.`planned_days` (`id`, `meals_date`, `day_meals_id`, `user_id`) VALUES ('3', '2019-07-02', '10', '1');
INSERT INTO `dietplanner`.`planned_days` (`id`, `meals_date`, `day_meals_id`, `user_id`) VALUES ('4', '2019-07-03', '2', '1');
INSERT INTO `dietplanner`.`planned_days` (`id`, `meals_date`, `day_meals_id`, `user_id`) VALUES ('7', '2019-07-04', '5', '1');
INSERT INTO `dietplanner`.`planned_days` (`id`, `meals_date`, `day_meals_id`, `user_id`) VALUES ('8', '2019-07-05', '5', '1');
INSERT INTO `dietplanner`.`planned_days` (`id`, `meals_date`, `day_meals_id`, `user_id`) VALUES ('9', '2019-07-01', '1', '2');
INSERT INTO `dietplanner`.`planned_days` (`id`, `meals_date`, `day_meals_id`, `user_id`) VALUES ('10', '2019-07-02', '10', '2');
INSERT INTO `dietplanner`.`planned_days` (`id`, `meals_date`, `day_meals_id`, `user_id`) VALUES ('11', '2019-07-03', '2', '2');
INSERT INTO `dietplanner`.`planned_days` (`id`, `meals_date`, `day_meals_id`, `user_id`) VALUES ('12', '2019-07-04', '5', '2');
INSERT INTO `dietplanner`.`planned_days` (`id`, `meals_date`, `day_meals_id`, `user_id`) VALUES ('13', '2019-07-05', '5', '2');
INSERT INTO `dietplanner`.`user_weight_over_time` (`user_id`, `weight_over_time`, `measurement_date`) VALUES ('1', '85', '2019-06-01');
INSERT INTO `dietplanner`.`user_weight_over_time` (`user_id`, `weight_over_time`, `measurement_date`) VALUES ('1', '84.5', '2019-06-03');
INSERT INTO `dietplanner`.`user_weight_over_time` (`user_id`, `weight_over_time`, `measurement_date`) VALUES ('1', '83', '2019-06-06');
INSERT INTO `dietplanner`.`user_weight_over_time` (`user_id`, `weight_over_time`, `measurement_date`) VALUES ('1', '82', '2019-06-10');
INSERT INTO `dietplanner`.`user_weight_over_time` (`user_id`, `weight_over_time`, `measurement_date`) VALUES ('1', '82.5', '2019-06-15');
INSERT INTO `dietplanner`.`user_weight_over_time` (`user_id`, `weight_over_time`, `measurement_date`) VALUES ('1', '82', '2019-06-20');
INSERT INTO `dietplanner`.`user_weight_over_time` (`user_id`, `weight_over_time`, `measurement_date`) VALUES ('2', '85', '2019-06-01');
INSERT INTO `dietplanner`.`user_weight_over_time` (`user_id`, `weight_over_time`, `measurement_date`) VALUES ('2', '84.5', '2019-06-03');
INSERT INTO `dietplanner`.`user_weight_over_time` (`user_id`, `weight_over_time`, `measurement_date`) VALUES ('2', '83', '2019-06-06');
INSERT INTO `dietplanner`.`user_weight_over_time` (`user_id`, `weight_over_time`, `measurement_date`) VALUES ('2', '82', '2019-06-10');
INSERT INTO `dietplanner`.`user_weight_over_time` (`user_id`, `weight_over_time`, `measurement_date`) VALUES ('2', '82.5', '2019-06-15');
INSERT INTO `dietplanner`.`user_weight_over_time` (`user_id`, `weight_over_time`, `measurement_date`) VALUES ('2', '82', '2019-06-20');
